{
    "skills" : [
        {
            "id":1,
            "src":"feather-pen-1.png",
            "title":"Titulo!",
            "desc": "Lorem ipsum dolor sit amet, consectetur adipiscing"
        },
        {
            "id":2,
            "src":"./img/feather-pen-1.png",
            "title":"Titulo!",
            "desc": "Lorem ipsum dolor sit amet, consectetur adipiscing"
        },
        {
            "id":3,
            "src":"./product-chain-1.png",
            "title":"Titulo!",
            "desc": "Lorem ipsum dolor sit amet, consectetur adipiscing"
           
        },
        {
            "id":4,
            "src":"./img/tag-1.png",
            "title":"Titulo!",
            "desc": "Lorem ipsum dolor sit amet, consectetur adipiscing"
           
        }
    ]
 }
 